act1,act2,x,y,z,qx,qy,qz,qw
1.0,0.0,0.14336780568597562,0.0,0.16272977030191876,0.0,0.7071067811865475,0.0,0.7071067811865476
