{
    "fk_pos_rmse_mm": 165.62467512851083,
    "fk_pos_mae_mm": 145.17053606829924,
    "fk_angle_rmse_deg": 56.3745593019162,
    "fk_angle_mae_deg": 53.24468261842126,
    "ik_act_rmse_mm": 99.58098140648006,
    "ik_act_mae_mm": 91.4567626688656,
    "roundtrip_act_rmse_mm": 42.35638244531815
}