{
    "fk_pos_rmse_mm": 79.44877358858015,
    "fk_pos_mae_mm": 68.28444212512103,
    "fk_angle_rmse_deg": 28.065070596932504,
    "fk_angle_mae_deg": 24.029965912735662,
    "ik_act_rmse_mm": 32.758351676124796,
    "ik_act_mae_mm": 27.832472879737356,
    "roundtrip_act_rmse_mm": 51.651975475115876
}